Image,Betelgeuse_X,Betelgeuse_Y,Bellatrix_X,Bellatrix_Y,Distance_Pixels
IMG20250104211035_BURST030.jpg,342.500352,14.49984,414.999552,559.0016,513.6309721991795
IMG20250104211035_BURST032.jpg,349.999104,27.500544,420.501504,576.0,515.3655180553067
IMG20250104211035_BURST033.jpg,349.999104,26.001408,424.998912,588.00128,511.7719915935114
IMG20250104211035_BURST034.jpg,352.499712,46.501888,428.00025600000004,602.001408,512.7033307688436
IMG20250104211035_BURST035.jpg,360.001536,59.498496,426.00038399999994,605.499392,510.481875174354
IMG20250104211035_BURST036.jpg,357.99859200000003,63.000576,430.00012799999996,614.998016,512.584726726302
IMG20250104211035_BURST037.jpg,359.00006399999995,71.000064,428.500992,628.498432,508.86409844694606
IMG20250104211035_BURST038.jpg,362.99980800000003,78.999552,435.99974399999996,629.501952,509.6630634143554
IMG20250104211035_BURST039.jpg,364.00128,97.501184,436.50048,645.500928,502.35458189978
IMG20250104211035_BURST040.jpg,366.999552,106.999808,441.00095999999996,651.001856,505.7981526166291
IMG20250104211035_BURST041.jpg,374.00064000000003,114.499584,442.500096,663.498752,512.6759727000828
IMG20250104211035_BURST042.jpg,362.00140799999997,113.000448,447.501312,670.498816,505.2008544845337
IMG20250104211035_BURST043.jpg,376.000512,136.998912,442.500096,681.00096,505.0145830465121
IMG20250104211035_BURST045.jpg,380.998656,154.001408,447.501312,698.998784,496.8356015288326
IMG20250104211035_BURST046.jpg,385.99987200000004,167.501824,451.99871999999993,704.0,503.8938836778588
IMG20250104211035_BURST047.jpg,387.99974399999996,171.999232,454.499328,713.498624,494.20152934168743
IMG20250104211035_BURST048.jpg,389.49888000000004,187.998208,459.500544,722.501632,500.8462516557804
IMG20250104213759_BURST000_COVER.jpg,395.498496,225.501184,467.50003200000003,755.99872,493.7318307913057
IMG20250104213759_BURST002.jpg,403.00032,241.000448,472.50124800000003,772.001792,495.4156430648551
IMG20250104213759_BURST003.jpg,410.999808,255.000576,476.00025600000004,777.498624,491.9875294541367
IMG20250104213759_BURST005.jpg,412.99968,274.00192,477.49939199999994,795.500544,490.7594095418274
IMG20250104213759_BURST007.jpg,417.50016,291.500032,483.99974399999996,816.500736,487.8497096280798
IMG20250104213759_BURST010.jpg,422.00064,321.998848,488.500224,839.999488,489.20755822013035
IMG20250104213759_BURST011.jpg,422.00064,334.49984,494.49984,846.000128,486.59624874910554
IMG20250104213759_BURST012.jpg,428.00025600000004,342.99904,497.998848,861.499392,498.01432029969413
IMG20250104213759_BURST014.jpg,432.50073599999996,360.501248,500.499456,877.99808,486.1404851631042
IMG20250104213759_BURST015.jpg,436.50048,366.501888,501.50092800000004,881.000448,449.71207861076465
IMG20250104213759_BURST016.jpg,436.50048,376.999936,501.000192,888.999936,446.142619962276
IMG20250104213759_BURST017.jpg,443.498496,391.999488,508.49894400000005,901.500928,434.1086962874635
IMG20250104213759_BURST018.jpg,443.999232,398.000128,506.999808,909.500416,448.4212133904571
IMG20250104213759_BURST019.jpg,445.00070400000004,405.999616,510.999552,913.498112,438.99400019925315
IMG20250104213759_BURST021.jpg,451.00032,426.999808,516.5015040000001,935.501824,436.40501628761234
IMG20250104213759_BURST022.jpg,451.99871999999993,433.999872,519.499776,939.999232,433.5524306106434
IMG20250104213759_BURST023.jpg,448.49971199999993,442.499072,520.501248,950.001664,434.3728244018773
IMG20250104213759_BURST024.jpg,458.49907199999996,454.500352,524.998656,959.000576,442.05133839492277
IMG20250104213759_BURST025.jpg,462.498816,461.500416,523.4995200000001,967.499776,442.26765611798976
IMG20250104213759_BURST027.jpg,464.999424,483.00032,531.001344,981.000192,429.95872509407945
IMG20250104213759_BURST028.jpg,465.50016,493.498368,538.500096,994.000896,414.48027871746774
IMG20250104213759_BURST029.jpg,479.49926400000004,495.0016,536.500224,1004.498944,435.1625413112152
IMG20250104213759_BURST030.jpg,474.50111999999996,507.998208,539.4984959999999,1009.000448,434.9846074889598
IMG20250104213759_BURST032.jpg,471.499776,526.000128,542.49984,1025.998848,427.6180153755289
IMG20250104213759_BURST034.jpg,478.998528,546.500608,544.4997119999999,1038.999552,441.7479954562602
IMG20250104213759_BURST035.jpg,485.49888000000004,549.998592,547.9987199999999,1050.001408,429.8653518660021
IMG20250104213759_BURST037.jpg,487.49875199999997,574.001152,555.500544,1063.501824,428.1455064438003
IMG20250104213759_BURST039.jpg,491.000832,590.000128,560.498688,1086.001152,443.0912309868956
IMG20250104213759_BURST040.jpg,496.49971199999993,598.499328,560.999424,1088.0,443.28977271510627
IMG20250104213759_BURST041.jpg,499.50105599999995,608.50176,565.499904,1099.501568,425.7057376763977
IMG20250104213759_BURST042.jpg,501.000192,619.999232,563.500032,1108.000768,1624.1037380823125
IMG20250104213759_BURST043.jpg,501.000192,627.499008,565.499904,1114.001408,428.9709685657428
IMG20250104213759_BURST044.jpg,503.00006399999995,634.499072,568.0005120000001,1117.999104,439.51335617926065
IMG20250104213759_BURST045.jpg,506.999808,642.998272,570.998784,1128.001536,439.7552868284596
IMG20250104213759_BURST047.jpg,513.50016,661.999616,576.500736,1144.500224,429.50909231860777
IMG20250104213759_BURST048.jpg,510.498816,667.500544,581.001216,1160.4992,431.6456969947786
IMG20250104213759_BURST049.jpg,510.999552,676.999168,581.4988800000001,1158.00064,426.24366916993745
IMG20250105224134_BURST000_COVER.jpg,361.500672,1287.499776,394.500096,1735.999488,424.52396889378923
IMG20250105231344_BURST000_COVER.jpg,453.000192,1756.99968,501.50092800000004,2200.498176,375.5577262034344
IMG20250105231344_BURST001.jpg,466.000896,1773.498368,497.000448,2206.498816,364.62382333614227
IMG20250105231344_BURST002.jpg,458.49907199999996,1768.001536,499.99871999999993,2214.498304,358.6869030281134
IMG20250105231344_BURST003.jpg,472.000512,1779.99872,501.50092800000004,2218.000384,363.38685614792945
IMG20250105231344_BURST004.jpg,468.501504,1793.499136,503.50079999999997,2228.498432,363.9975911442417
IMG20250105231344_BURST007.jpg,468.000768,1818.001408,514.999296,2248.998912,352.1914415185541
IMG20250105231344_BURST009.jpg,477.49939199999994,1833.00096,512.001024,2266.001408,355.7942860395463
IMG20250105231344_BURST010.jpg,474.50111999999996,1836.998656,511.50028800000007,2277.49888,360.1465732654343
IMG20250105231344_BURST011.jpg,476.00025600000004,1843.499008,515.500032,2283.999232,361.4509854993384
IMG20250105231344_BURST012.jpg,476.998656,1860.001792,518.00064,2288.001024,363.5440525315984
IMG20250105231344_BURST014.jpg,489.49862400000006,1885.999104,524.500992,2298.998784,356.54244299715606
IMG20250105231344_BURST015.jpg,491.000832,1877.499904,529.0014719999999,2311.000064,363.0889264619043
IMG20250105231344_BURST016.jpg,486.500352,1882.001408,528.0,2315.001856,453.00598901633884
IMG20250105231344_BURST017.jpg,485.49888000000004,1893.49888,528.0,2318.999552,442.7147889655228
IMG20250105231344_BURST019.jpg,489.49862400000006,1906.499584,533.9996160000001,2346.000384,447.82647582633047
IMG20250105231344_BURST021.jpg,493.50144,1923.497984,538.500096,2351.0016,438.7698256813509
IMG20250105231344_BURST022.jpg,499.00032,1933.000704,536.500224,2359.5008,447.9360699436275
IMG20250105231344_BURST023.jpg,499.00032,1929.998336,541.999104,2370.998272,444.7199911418934
IMG20250105231344_BURST025.jpg,503.00006399999995,1947.500544,547.9987199999999,2388.50048,442.87165647950206
IMG20250105231344_BURST026.jpg,511.50028800000007,1962.500096,543.501312,2387.001344,438.2895714303379
IMG20250105231344_BURST027.jpg,509.500416,1964.998656,2094.9995519999998,2317.000704,434.76082068390303
IMG20250105231344_BURST028.jpg,510.498816,1974.501376,545.998848,2402.000896,460.98885685974
IMG20250105231344_BURST029.jpg,513.50016,1979.498496,555.500544,2417.000448,445.46125191859915
IMG20250105231344_BURST030.jpg,511.50028800000007,1983.000576,556.0012800000001,2420.498432,440.7265850757844
IMG20250105231344_BURST031.jpg,512.999424,1998.000128,554.499072,2425.499648,450.03629924994453
IMG20250105231344_BURST032.jpg,512.498688,2003.501056,555.500544,2432.999424,433.88122064977966
IMG20250105231344_BURST033.jpg,517.499904,2013.499392,556.0012800000001,2438.00064,441.21186151028746
IMG20250105231344_BURST034.jpg,526.0001279999999,2024.501248,555.500544,2447.998976,435.8142901232941
IMG20250105231344_BURST035.jpg,527.499264,2019.500032,570.5011199999999,2462.498816,445.2601392313203
IMG20250105231344_BURST036.jpg,527.499264,2026.999808,562.49856,2460.99968,431.8391243789508
IMG20250105231344_BURST037.jpg,522.5011199999999,2039.5008,561.50016,2472.001536,435.641760404548
IMG20250105231344_BURST038.jpg,523.4995200000001,2055.499776,565.499904,2483.99872,437.21962682724933
IMG20250105231344_BURST039.jpg,523.4995200000001,2051.497984,566.99904,2482.999296,442.56750257605165
IMG20250105231344_BURST040.jpg,526.9985280000001,2048.0,570.0003839999999,2498.998272,437.28643228284045
IMG20250105231344_BURST041.jpg,531.001344,2073.001984,573.499392,2500.501504,439.79871038489125
IMG20250105231344_BURST043.jpg,533.001216,2085.49888,576.0,2516.50048,439.8441474597457
IMG20250105231344_BURST044.jpg,533.9996160000001,2085.998592,579.999744,2524.99968,452.060412515386
IMG20250105231344_BURST045.jpg,541.000704,2095.0016,585.4986240000001,2537.00096,433.17907493390163
IMG20250105231344_BURST046.jpg,539.4984959999999,2100.498432,591.000576,2533.998592,430.7000635494866
IMG20250105231344_BURST047.jpg,549.000192,2119.000064,582.500352,2552.000512,432.48796437750013
IMG20250115212139_BURST001.jpg,213.50092800000002,1030.00064,326.501376,1493.999616,430.62437094207127
IMG20250115212139_BURST002.jpg,215.50080000000003,1033.998336,334.500864,1502.998528,426.78654794263906
IMG20250115212139_BURST003.jpg,220.498944,1049.001984,337.999872,1512.001536,429.40772636054174
IMG20250115212139_BURST004.jpg,225.50016,1057.001472,339.001344,1523.499008,426.1752742904743
IMG20250115212139_BURST005.jpg,224.00102399999997,1069.498368,348.499968,1531.498496,430.65167999153385
IMG20250115212139_BURST006.jpg,228.501504,1079.001088,345.00096,1528.999936,433.3750054677235
IMG20250115212139_BURST008.jpg,239.499264,1094.00064,357.99859200000003,1552.498688,429.9400454450182
IMG20250115212139_BURST011.jpg,249.99935999999997,1116.499968,366.001152,1562.50112,432.52322468233115
IMG20250115212139_BURST012.jpg,249.99935999999997,1121.001472,365.500416,1578.000384,434.80566942043043
IMG20250115212139_BURST013.jpg,252.49996800000002,1124.999168,366.001152,1579.49952,446.5603702652585
IMG20250115212139_BURST014.jpg,254.49984,1135.0016,368.999424,1592.999936,548.5434356307894
IMG20250115212139_BURST015.jpg,257.50118399999997,1140.998144,377.499648,1598.500864,548.8562590871443
IMG20250115212139_BURST016.jpg,254.49984,1157.500928,372.501504,1604.001792,541.9287557366532
IMG20250115212139_BURST017.jpg,274.999296,1159.999488,385.49913599999996,1609.998336,540.622753605956
IMG20250115212139_BURST018.jpg,261.99859200000003,1166.49984,380.500992,1620.000768,547.4351051429372
IMG20250115212139_BURST019.jpg,270.49881600000003,1181.999104,393.49862400000006,1626.001408,537.8808443663248
IMG20250115212139_BURST021.jpg,274.999296,1188.999168,395.498496,1638.998016,544.9500843204469
IMG20250115212139_BURST022.jpg,280.998912,1194.999808,393.49862400000006,1649.999872,529.1332465874565
IMG20250115212139_BURST023.jpg,285.499392,1206.001664,399.000576,1657.99936,536.7176410745169
IMG20250115212139_BURST025.jpg,292.50048,1220.501504,403.50105599999995,1674.498048,532.4200184683181
IMG20250115212139_BURST026.jpg,298.500096,1234.00192,403.50105599999995,1675.501568,526.7803464108158
IMG20250115212139_BURST027.jpg,291.99974399999996,1235.501056,418.000896,1691.000832,537.7532334901617
IMG20250115212139_BURST028.jpg,289.00147200000004,1242.001408,418.000896,1699.999744,532.4200184683182
IMG20250115212139_BURST030.jpg,304.499712,1265.000448,424.998912,1707.49952,533.9473520627946
IMG20250115212139_BURST031.jpg,314.00140799999997,1272.000512,416.999424,1709.498368,522.9314759891571
IMG20250115212139_BURST032.jpg,311.5008,1279.500288,426.998784,1725.50144,525.225723834388
IMG20250115212139_BURST035.jpg,318.49881600000003,1296.9984,435.001344,1745.498112,526.8424507028096
IMG20250115212139_BURST036.jpg,324.000768,1307.500544,441.00095999999996,1763.00032,525.1755485512757
IMG20250115212139_BURST037.jpg,330.000384,1320.501248,444.49996799999997,1762.000896,522.2517187263079
IMG20250115212139_BURST038.jpg,335.49926400000004,1337.99936,451.50105599999995,1769.500672,522.0106767129694
IMG20250115212139_BURST039.jpg,334.99852799999996,1329.999872,448.49971199999993,1770.500096,526.5180158057636
IMG20250115212139_BURST040.jpg,337.00147200000004,1339.998208,453.99859200000003,1778.499584,520.8289993024241
IMG20250115212139_BURST041.jpg,347.000832,1352.998912,446.49984,1787.998208,522.5101324497981
IMG20250115212139_BURST042.jpg,343.49875199999997,1364.000768,458.00140799999997,1792.499712,515.5620681625065
IMG20250115212139_BURST044.jpg,347.999232,1372.499968,462.999552,1806.999552,513.3164458139637
IMG20250115212139_BURST046.jpg,353.000448,1382.998016,468.501504,1819.000832,515.4885193223332
IMG20250115212139_BURST047.jpg,355.501056,1387.999232,470.50137599999994,1827.500032,505.39878501118125
IMG20250115212139_BURST048.jpg,362.00140799999997,1410.998272,472.998912,1843.499008,513.1620862574525
IMG20250115212139_BURST049.jpg,360.4992,1405.001728,476.500992,1842.999296,514.3792764184514
IMG20250115215412_BURST000_COVER.jpg,408.49920000000003,1500.499968,526.0001279999999,1938.00192,514.5597776054922
IMG20250115215412_BURST001.jpg,407.50079999999997,1509.49888,528.0,1935.499264,509.1293072377056
IMG20250115215412_BURST002.jpg,411.500544,1514.999808,529.4991359999999,1947.000832,506.8824593079409
IMG20250115215412_BURST004.jpg,418.99929599999996,1533.001728,529.9998720000001,1957.49888,508.30341729481745
IMG20250115215412_BURST006.jpg,421.499904,1543.000064,543.501312,1974.001664,503.2146224975791
IMG20250115215412_BURST007.jpg,428.500992,1559.998464,547.501056,1988.501504,508.488607531949
IMG20250115215412_BURST008.jpg,429.49939199999994,1559.998464,547.00032,1986.998272,508.60661504165796
IMG20250115215412_BURST010.jpg,439.001088,1580.498944,549.998592,2004.50048,503.67212953123806
IMG20250115215412_BURST011.jpg,441.00095999999996,1586.499584,556.99968,2005.499904,501.63102877255506
IMG20250115215412_BURST015.jpg,447.99897599999997,1606.00064,572.000256,2049.998848,506.3732446347447
IMG20250115215412_BURST016.jpg,453.50092800000004,1615.499264,577.0014719999999,2043.498496,425.53027590930685
IMG20250115215412_BURST017.jpg,456.49920000000003,1626.50112,574.9985280000001,2050.998272,428.11525594096946
IMG20250115215412_BURST019.jpg,454.499328,1642.000384,583.9994879999999,2073.001984,429.9109731699305
IMG20250115215412_BURST020.jpg,464.999424,1649.999872,579.499008,2068.50048,423.9498127978915
IMG20250115215412_BURST021.jpg,464.00102400000003,1651.99872,582.500352,2076.99968,425.9315128279625
IMG20250115215412_BURST023.jpg,478.998528,1673.998336,593.501184,2094.501888,427.9687347848335
IMG20250115215412_BURST024.jpg,477.49939199999994,1675.001856,602.001408,2102.501376,425.1278240026059
IMG20250115215412_BURST025.jpg,491.000832,1687.998464,597.500928,2106.499072,421.26285886472067
IMG20250115215412_BURST026.jpg,483.499008,1698.000896,604.498944,2116.501504,428.51435526961416
IMG20250115215412_BURST027.jpg,489.00095999999996,1699.00032,601.500672,2121.498624,426.9698410836747
IMG20250115215412_BURST029.jpg,495.501312,1712.001024,610.000896,2139.500544,425.7010114749187
IMG20250115215412_BURST030.jpg,497.501184,1726.500864,617.499648,2147.00032,419.16175022468485
IMG20250115215412_BURST032.jpg,505.500672,1740.00128,620.500992,2164.498432,421.8067682014195
IMG20250115215412_BURST033.jpg,508.99968,1741.000704,625.9998720000001,2164.998144,422.3977195210198
IMG20250115215412_BURST034.jpg,508.49894400000005,1739.001856,635.000832,2173.001728,418.9155864973621
IMG20250115215412_BURST035.jpg,517.499904,1759.49824,625.4991359999999,2178.998272,427.01659254065527
IMG20250115215412_BURST036.jpg,522.998784,1770.000384,643.501056,2183.499776,422.39771952101955
IMG20250115215412_BURST037.jpg,519.499776,1771.999232,635.999232,2188.500992,419.50941518228836
IMG20250115215412_BURST038.jpg,522.5011199999999,1782.501376,641.000448,2196.50048,421.40279758001503
IMG20250115215412_BURST039.jpg,528.500736,1794.998272,643.501056,2205.999104,424.11934221213266
IMG20250115215412_BURST040.jpg,528.0,1799.999488,641.998848,2213.998592,419.63545467681854
IMG20250115215412_BURST042.jpg,539.999232,1807.499264,648.999936,2219.49952,420.95293135863693
IMG20250115215412_BURST043.jpg,541.999104,1818.50112,651.500544,2234.998784,419.5545724606079
IMG20250115215412_BURST044.jpg,539.000832,1814.99904,656.999424,2232.000512,424.53105996354265
IMG20250115215412_BURST046.jpg,543.501312,1840.500736,662.99904,2253.500416,421.76048223007086
IMG20250115215412_BURST047.jpg,555.500544,1841.50016,668.500992,2259.001344,424.07213617159334
IMG20250115215412_BURST048.jpg,557.500416,1842.999296,670.0001279999999,2262.99904,425.1992171460004
IMG20250115215412_BURST049.jpg,549.998592,1849.99936,673.9998720000001,2278.998016,417.118460989578
IMG20250116203344_BURST000_COVER.jpg,178.000896,160.50176,244.50047999999998,704.999424,436.44546027252545
IMG20250116203344_BURST001.jpg,180.000768,171.999232,249.00096000000002,716.500992,425.2454196501788
IMG20250116203344_BURST003.jpg,184.000512,194.998272,260.499456,731.500544,429.6552259116582
IMG20250116203344_BURST005.jpg,195.999744,212.000768,258.499584,748.998656,427.8930737112754
IMG20250116203344_BURST006.jpg,202.500096,221.499392,268.00128,765.001728,432.34166663824885
IMG20250116203344_BURST007.jpg,197.001216,234.000384,261.50092800000004,768.0,432.11691496076054
IMG20250116203344_BURST008.jpg,199.498752,243.499008,268.99968,783.998976,439.0296478219011
IMG20250116203344_BURST010.jpg,201.99935999999997,265.498624,268.00128,790.499328,434.1628522314193
IMG20250116203344_BURST011.jpg,203.000832,270.999552,274.000896,803.00032,426.0766771210395
IMG20250116203344_BURST012.jpg,209.998848,284.499968,274.49856,812.998656,432.2842714201194
IMG20250116203344_BURST013.jpg,211.99872,298.999808,278.99904,821.501952,428.36665709735763
IMG20250116203344_BURST014.jpg,216.49919999999997,298.999808,284.00025600000004,832.499712,432.3505833091022
IMG20250116203344_BURST015.jpg,216.49919999999997,312.500224,280.998912,840.998912,432.0123805341899
IMG20250116203344_BURST017.jpg,220.00128,329.998336,292.50048,859.000832,429.0117210708358
IMG20250116203344_BURST019.jpg,230.99903999999998,356.499456,295.001088,875.49952,429.5131691545666
IMG20250116203344_BURST020.jpg,229.499904,362.000384,295.999488,882.999296,423.894072715178
IMG20250116203344_BURST021.jpg,232.00051200000001,370.999296,295.49875199999997,894.001152,431.90573190736995
IMG20250116203344_BURST023.jpg,238.99852799999996,386.998272,301.000704,908.500992,430.8035321328029
IMG20250116203344_BURST024.jpg,240.0,398.49984,306.499584,916.50048,424.53562723272586
IMG20250116203344_BURST025.jpg,242.500608,410.50112,311.00006399999995,927.997952,425.8841902332389
IMG20250116203344_BURST026.jpg,241.99987199999998,414.998528,314.49907199999996,936.501248,424.9802728658355
IMG20250116203344_BURST027.jpg,245.49887999999999,426.000384,312.4992,942.501888,425.9927308151435
IMG20250116203344_BURST028.jpg,247.001088,434.999296,315.500544,952.999936,427.3244134026343
IMG20250116203344_BURST029.jpg,253.99910400000002,446.001152,314.49907199999996,958.001152,429.80946696090155
IMG20250116203344_BURST031.jpg,260.499456,467.001344,322.999296,976.498688,431.5657507870221
IMG20250116203344_BURST032.jpg,257.50118399999997,475.000832,321.50016,986.50112,431.62430573835286
IMG20250116203344_BURST033.jpg,263.5008,483.500032,322.000896,985.501696,429.2097905130624
IMG20250116203344_BURST034.jpg,263.00006399999995,492.498944,332.00025600000004,1001.00096,438.96802366383565
IMG20250116203344_BURST035.jpg,264.99993600000005,501.501952,332.00025600000004,1011.499008,433.39655498738074
IMG20250116203344_BURST036.jpg,262.499328,508.502016,334.500864,1017.99936,428.476765932721
IMG20250116203344_BURST038.jpg,270.001152,527.499264,338.500608,1031.999488,439.02167547971766
IMG20250116203344_BURST039.jpg,276.999168,542.498816,343.49875199999997,1045.000192,428.2666805814024
IMG20250116203344_BURST040.jpg,280.50124800000003,550.998016,346.500096,1054.998528,433.66620712543425
IMG20250116203344_BURST042.jpg,280.50124800000003,568.500224,345.498624,1067.49952,435.933940518563
IMG20250116203344_BURST043.jpg,282.998784,578.49856,357.50092800000004,1081.499648,433.5028368480494
IMG20250116203344_BURST045.jpg,287.49926400000004,590.999552,351.998976,1095.499776,436.8705484420215
IMG20250116203344_BURST046.jpg,290.500608,601.501696,362.49907199999996,1100.00128,433.39655498738074
IMG20250116203344_BURST047.jpg,291.99974399999996,611.999744,360.001536,1109.000192,434.0086592366175
IMG20250116203344_BURST049.jpg,302.49984,632.500224,364.99968,1135.0016,432.89529450399783
IMG20250117232801_BURST000_COVER.jpg,833.998848,1514.500096,792.4992,1938.00192,436.3741237975071
IMG20250117232801_BURST001.jpg,837.000192,1519.501312,794.4990720000001,1945.501696,443.0003487337418
IMG20250117232801_BURST002.jpg,833.998848,1525.501952,793.500672,1953.501184,431.79185312617165
IMG20250117232801_BURST003.jpg,827.000832,1538.998272,791.998464,1961.500672,436.70151166278134
IMG20250117232801_BURST004.jpg,833.000448,1544.4992,792.4992,1968.500736,433.22499810724406
IMG20250117232801_BURST005.jpg,835.99872,1550.999552,794.999808,1976.999936,431.2953726760834
IMG20250117232801_BURST006.jpg,839.5008,1563.500544,796.99968,1986.49856,434.15878134128627
IMG20250117232801_BURST008.jpg,833.998848,1580.498944,795.500544,1999.998976,430.4179783672408
IMG20250117232801_BURST009.jpg,837.000192,1580.998656,795.500544,2007.498752,438.8340739928154
IMG20250117232801_BURST010.jpg,836.499456,1590.001664,795.500544,2014.998528,436.1716271932769
IMG20250117232801_BURST011.jpg,837.000192,1599.500288,798.999552,2023.501824,438.5378180248102
IMG20250117232801_BURST012.jpg,837.000192,1608.998912,794.4990720000001,2026.000384,441.83927220789246
IMG20250117232801_BURST013.jpg,837.5009279999999,1614.999552,798.498816,2034.999296,442.9464839572254
IMG20250117232801_BURST014.jpg,838.499328,1623.498752,798.498816,2043.998208,448.3837777694363
IMG20250117232801_BURST015.jpg,839.0000640000001,1630.498816,798.999552,2047.500288,432.5752100606204
IMG20250117232801_BURST016.jpg,835.99872,1632.002048,800.001024,2057.498624,438.9136535242531
IMG20250117232801_BURST017.jpg,840.001536,1643.49952,800.001024,2063.998976,439.79702859602486
IMG20250117232801_BURST018.jpg,842.999808,1655.5008,802.000896,2073.001984,440.20459636684444
IMG20250117232801_BURST019.jpg,842.999808,1664.0,802.999296,2083.500032,436.73578649414736
IMG20250117232801_BURST020.jpg,840.9999359999999,1666.49856,804.0007679999999,2089.00096,439.4096975267271
IMG20250117232801_BURST021.jpg,844.00128,1679.998976,806.99904,2097.999872,448.4454760089954
IMG20250117232801_BURST022.jpg,844.4989439999999,1683.001344,804.0007679999999,2102.001664,436.7892484801291
IMG20250117232801_BURST025.jpg,842.999808,1705.00096,801.50016,2122.498048,442.05860157185106
IMG20250117232801_BURST026.jpg,844.4989439999999,1714.999296,808.5012479999999,2138.001408,439.4100505755736
IMG20250117232801_BURST028.jpg,844.99968,1728.499712,806.501376,2148.499456,442.31639165625324
IMG20250117232801_BURST029.jpg,842.0014080000001,1734.00064,805.499904,2156.498944,442.55835538541794
IMG20250117232801_BURST031.jpg,846.999552,1747.001344,808.998912,2170.499072,441.56361624418355
IMG20250117232801_BURST032.jpg,850.000896,1761.501184,808.0005120000001,2176.499712,438.9580478051634
IMG20250117232801_BURST037.jpg,848.498688,1789.001728,808.998912,2211.500032,443.5547453912066
IMG20250117232801_BURST038.jpg,845.5004159999999,1798.00064,810.000384,2220.998656,428.4661511405459
IMG20250117232801_BURST039.jpg,846.001152,1808.9984,811.4995200000001,2231.001088,442.0700494732133
IMG20250117232801_BURST041.jpg,846.498816,1826.000896,812.500992,2246.500352,446.59920455700444
IMG20250117232801_BURST042.jpg,846.498816,1832.501248,812.0002559999999,2253.000704,444.23742794470445
IMG20250117232801_BURST043.jpg,848.001024,1837.498368,812.500992,2259.501056,441.62899018025166
IMG20250117232801_BURST044.jpg,856.5012479999999,1848.000512,814.5008640000001,2261.499904,447.15416717811456
IMG20250117232801_BURST045.jpg,852.999168,1853.50144,810.9987839999999,2269.499392,440.3259205329217
IMG20250117232801_BURST046.jpg,848.498688,1857.998848,812.998656,2281.00096,447.40546670696745
IMG20250117232801_BURST047.jpg,848.498688,1863.999488,816.0,2288.500736,447.5786903096051
IMG20250117232801_BURST048.jpg,850.000896,1874.00192,813.4993920000001,2294.001664,449.3259332311933
IMG20250117232801_BURST049.jpg,850.49856,1883.000832,814.5008640000001,2300.502016,450.5140723588292
IMG20250117235554_BURST001.jpg,854.501376,1915.998208,817.9998720000001,2338.500608,451.8596146429403
IMG20250117235554_BURST002.jpg,852.999168,1921.998848,817.4991359999999,2345.00096,448.20605538551183
IMG20250117235554_BURST003.jpg,856.998912,1932.500992,821.0012160000001,2350.501888,448.8227059877848
IMG20250117235554_BURST004.jpg,858.000384,1940.000768,823.4987520000001,2363.498496,454.47646848067217
IMG20250117235554_BURST006.jpg,855.4997759999999,1956.499456,821.0012160000001,2370.998272,449.52357099785485
IMG20250117235554_BURST007.jpg,860.0002559999999,1958.998016,820.5004799999999,2381.500416,454.60187247387177
IMG20250117235554_BURST008.jpg,858.9987839999999,1974.001664,823.4987520000001,2393.001984,437.8068707973538
IMG20250117235554_BURST009.jpg,857.499648,1972.998144,819.499008,2398.998528,451.1354945034025
IMG20250117235554_BURST010.jpg,858.9987839999999,1982.500864,823.001088,2405.998592,454.1857537124326
IMG20250117235554_BURST013.jpg,857.499648,2002.501632,823.001088,2428.502016,478.0307323865874
IMG20250117235554_BURST014.jpg,859.4995200000001,2012.499968,823.4987520000001,2429.50144,475.5099967185568
IMG20250117235554_BURST015.jpg,856.998912,2021.49888,829.999104,2450.501632,475.5408779870986
IMG20250117235554_BURST016.jpg,860.500992,2029.99808,823.001088,2451.501056,474.02920739599983
IMG20250117235554_BURST017.jpg,863.4992639999999,2036.498432,825.00096,2457.001984,474.00390802565653
IMG20250117235554_BURST019.jpg,860.998656,2048.499712,823.9994879999999,2472.001536,483.10381526180475
IMG20250117235554_BURST020.jpg,862.5008640000001,2055.999488,829.000704,2478.501888,472.5617719692522
IMG20250117235554_BURST022.jpg,862.5008640000001,2069.499904,827.4984959999999,2491.998208,483.5165756166656
IMG20250117235554_BURST023.jpg,862.5008640000001,2076.000256,829.50144,2504.4992,474.00679469624833
IMG20250117235554_BURST025.jpg,862.9985280000001,2095.501312,829.000704,2516.50048,471.5666071148588
IMG20250117235554_BURST026.jpg,865.4991359999999,2101.501952,830.49984,2524.499968,470.53757877623235
IMG20250117235554_BURST027.jpg,864.5007360000001,2104.500224,827.4984959999999,2531.999744,468.003169067621
IMG20250117235554_BURST028.jpg,864.5007360000001,2117.001216,831.998976,2540.998656,472.49923732160005
IMG20250117235554_BURST030.jpg,868.5004799999999,2130.501632,832.499712,2556.502016,473.50591929023744
IMG20250117235554_BURST031.jpg,867.001344,2134.499328,833.998848,2564.501504,465.51529537452365
IMG20250117235554_BURST032.jpg,870.500352,2144.50176,838.499328,2573.000704,470.5802012449886
IMG20250117235554_BURST033.jpg,869.4988800000001,2153.00096,835.99872,2577.498112,455.0618524130117
IMG20250117235554_BURST034.jpg,869.4988800000001,2156.498944,837.5009279999999,2583.998464,467.5106901739482
IMG20250117235554_BURST035.jpg,868.5004799999999,2168.500224,834.4995840000001,2589.499392,466.5147770681974
IMG20250117235554_BURST036.jpg,869.4988800000001,2172.502016,833.998848,2607.501312,466.00453325381363
IMG20250117235554_BURST037.jpg,875.000832,2183.499776,842.4990720000001,2607.501312,460.0015525388801
IMG20250117235554_BURST038.jpg,867.001344,2187.001856,835.5010560000001,2615.5008,466.0029895250098
IMG20250117235554_BURST041.jpg,873.99936,2212.499456,839.5008,2638.999552,464.0073817445726
IMG20250118230637_BURST000_COVER.jpg,602.499072,1905.50016,652.0012800000001,2334.998528,456.50906635733577
IMG20250118230637_BURST001.jpg,602.001408,1913.499648,649.500672,2342.998016,461.0074859792033
IMG20250118230637_BURST002.jpg,605.500416,1918.500864,656.999424,2354.499584,457.4988980297495
IMG20250118230637_BURST004.jpg,608.498688,1935.499264,656.498688,2367.000576,461.50719063579356
IMG20250118230637_BURST005.jpg,610.49856,1944.498176,652.498944,2368.499712,454.5072309749247
IMG20250118230637_BURST009.jpg,618.5011199999999,1974.001664,667.4995200000001,2403.500032,459.99962684406205
IMG20250118230637_BURST010.jpg,619.4995200000001,1980.502016,664.501248,2406.498304,456.50906635733566
IMG20250118230637_BURST011.jpg,618.998784,1984.999424,664.0005120000001,2415.0016,461.5136802145273
IMG20250118230637_BURST012.jpg,620.000256,1993.498624,666.5011199999999,2423.001088,459.53663854641474
IMG20250118230637_BURST013.jpg,624.500736,2006.499328,666.0003839999999,2433.499136,457.5259589612068
IMG20250118230637_BURST014.jpg,629.001216,2015.49824,670.5008640000001,2443.001856,459.5018408352685
IMG20250118230637_BURST015.jpg,627.001344,2020.999168,672.0,2442.498048,455.0069354200808
IMG20250118230637_BURST016.jpg,628.5004799999999,2022.498304,673.9998720000001,2452.000768,453.51033030243127
IMG20250118230637_BURST017.jpg,632.500224,2031.501312,677.001216,2460.000256,454.5399491356853
IMG20250118230637_BURST018.jpg,636.499968,2043.498496,677.9996160000001,2466.000896,443.6153714160873
IMG20250118230637_BURST019.jpg,640.4997119999999,2048.0,680.500224,2472.001536,431.03258129227817
IMG20250118230637_BURST020.jpg,640.4997119999999,2059.001856,681.4986240000001,2481.999872,440.5232135362227
IMG20250118230637_BURST021.jpg,639.000576,2062.999552,685.000704,2486.501376,435.65086024871187
IMG20250118230637_BURST022.jpg,639.998976,2071.498752,684.499968,2496.499712,437.05831761699875
IMG20250118230637_BURST024.jpg,643.9987199999999,2083.00032,688.4997119999999,2510.49984,445.6095496187933
IMG20250118230637_BURST025.jpg,644.499456,2088.501248,691.501056,2517.499904,439.59296
IMG20250118230637_BURST028.jpg,648.999936,2113.499136,696.4992,2542.501888,432.52965077786325
IMG20250118230637_BURST029.jpg,653.500416,2120.4992,696.999936,2547.499008,433.5488937780254
IMG20250118230637_BURST032.jpg,660.000768,2137.001984,706.49856,2573.500416,427.06564754566057
IMG20250118230637_BURST033.jpg,662.5013759999999,2149.998592,708.000768,2581.000192,437.191486838365
IMG20250118230637_BURST034.jpg,662.00064,2157.99808,708.000768,2583.998464,437.18097735951255
IMG20250118230637_BURST036.jpg,668.998656,2168.000512,716.000256,2604.498944,435.0639249605201
IMG20250118230637_BURST037.jpg,668.000256,2183.000064,712.0005120000001,2609.000448,428.5482465081839
IMG20250118230637_BURST038.jpg,668.500992,2183.999488,716.500992,2615.001088,431.62904706904357
IMG20250118230637_BURST039.jpg,670.9985280000001,2192.498688,716.998656,2625.998848,436.07209914175957
IMG20250118230637_BURST041.jpg,675.999744,2207.49824,722.500608,2638.49984,434.0735890425475
IMG20250118230637_BURST042.jpg,676.5004799999999,2211.500032,726.500352,2645.499904,439.20856230707426
IMG20250118230637_BURST043.jpg,679.9994879999999,2219.999232,725.4988800000001,2651.000832,432.667241586245
IMG20250118230637_BURST044.jpg,675.999744,2227.499008,727.001088,2658.500608,432.59432338971163
IMG20250118230637_BURST045.jpg,681.99936,2238.001152,731.999232,2667.999232,434.08310575748817
IMG20250118230637_BURST046.jpg,681.4986240000001,2242.49856,731.4984959999999,2675.99872,429.54755579654665
IMG20250118230637_BURST047.jpg,687.000576,2252.00128,733.999104,2692.501504,430.13877656911944
IMG20250118230637_BURST048.jpg,685.000704,2256.498688,733.999104,2685.50144,434.04133937698134
IMG20250118230637_BURST049.jpg,690.499584,2263.998464,739.00032,2697.998336,429.07323227867346
IMG20250118233355_BURST000_COVER.jpg,691.501056,2284.498944,739.9987199999999,2715.000832,424.60750512850205
IMG20250118233355_BURST001.jpg,693.000192,2291.99872,741.998592,2720.50176,437.2066636517772
IMG20250118233355_BURST002.jpg,698.499072,2300.502016,746.499072,2731.999232,434.62643788911686
IMG20250118233355_BURST003.jpg,695.998464,2307.497984,746.001408,2735.0016,433.26020501372204
IMG20250118233355_BURST004.jpg,698.999808,2316.00128,752.999424,2751.500288,426.12976800988315
IMG20250118233355_BURST005.jpg,700.99968,2321.498112,753.50016,2754.49856,431.66811768569505
IMG20250118233355_BURST006.jpg,704.498688,2327.998464,756.000768,2763.501568,425.02478789025
IMG20250118233355_BURST007.jpg,706.999296,2332.99968,756.999168,2772.000768,437.83212905862774
IMG20250118233355_BURST008.jpg,711.499776,2341.998592,762.5011199999999,2781.999104,427.0571990556073
IMG20250118233355_BURST009.jpg,710.99904,2345.500672,766.0001279999999,2790.498304,424.2163463010622
IMG20250118233355_BURST010.jpg,716.998656,2366.500864,768.5007360000001,2795.999232,426.16524841705314
IMG20250118233355_BURST011.jpg,714.0003839999999,2361.99936,764.500992,2797.99808,428.60421004349536
IMG20250118233355_BURST012.jpg,719.499264,2370.49856,769.0014719999999,2807.5008,434.6652390803329
IMG20250118233355_BURST014.jpg,719.499264,2384.9984,772.5004799999999,2822.00064,448.31819898284334
IMG20250118233355_BURST015.jpg,721.0014719999999,2398.498816,777.99936,2831.499264,443.87987699898446
IMG20250118233355_BURST016.jpg,727.001088,2401.001472,777.498624,2837.499904,447.6580088805435
IMG20250118233355_BURST017.jpg,727.9994879999999,2410.000384,783.501312,2854.998016,448.2385448859804
IMG20250118233355_BURST018.jpg,727.498752,2419.499008,781.000704,2852.999168,442.8124691945558
IMG20250118233355_BURST019.jpg,726.500352,2422.001664,782.49984,2860.498944,443.63307675179266
IMG20250118233355_BURST020.jpg,732.499968,2429.50144,783.0005760000001,2865.999872,447.1993517012832
IMG20250118233355_BURST021.jpg,727.9994879999999,2436.501504,785.998848,2874.998784,447.2519464292625
IMG20250118233355_BURST022.jpg,732.499968,2445.000704,788.499456,2884.001792,449.81287565960713
IMG20250118233355_BURST023.jpg,741.998592,2452.000768,789.5009279999999,2891.001856,447.00104497417914
IMG20250118233355_BURST024.jpg,737.501184,2460.499968,792.4992,2895.998976,444.7848563999841
IMG20250118233355_BURST027.jpg,744.001536,2478.501888,796.00128,2918.998016,438.8641616364233
IMG20250118233355_BURST028.jpg,756.5015040000001,2500.501504,797.5004159999999,2927.0016,452.13168029530493
IMG20250118233355_BURST029.jpg,750.999552,2495.500288,802.999296,2934.501376,442.728344413873
IMG20250118233355_BURST030.jpg,752.001024,2497.499136,804.5015040000001,2941.001728,450.70184596573995
IMG20250118233355_BURST031.jpg,748.99968,2510.999552,806.501376,2951.499776,449.14134922783217
IMG20250118233355_BURST032.jpg,754.999296,2521.501696,807.4997759999999,2959.998976,447.8246424485376
IMG20250118233355_BURST033.jpg,758.5013759999999,2524.99968,811.4995200000001,2969.001984,447.67163666252793
IMG20250118233355_BURST035.jpg,760.998912,2540.998656,814.9985280000001,2978.000896,447.99293164438984
IMG20250118233355_BURST036.jpg,758.5013759999999,2546.499584,817.4991359999999,2989.99808,440.1114817171178
IMG20250118233355_BURST037.jpg,763.4995200000001,2552.000512,819.9997440000001,2995.99872,444.46123544249025
IMG20250118233355_BURST038.jpg,766.5008640000001,2559.500288,825.00096,3005.001728,447.494055647813
IMG20250118233355_BURST039.jpg,765.499392,2567.999488,825.498624,3014.500352,444.0392552803395
IMG20250118233355_BURST040.jpg,769.9998720000001,2573.000704,825.00096,3021.500416,441.7415470102018
IMG20250118233355_BURST041.jpg,771.9997440000001,2582.499328,825.498624,3027.501056,442.0850010521428
IMG20250118233355_BURST042.jpg,775.4987520000001,2588.000256,829.999104,3033.501696,450.25321919471037
IMG20250118233355_BURST043.jpg,770.5006079999999,2592.50176,830.49984,3043.00032,441.74558512747717
IMG20250118233355_BURST044.jpg,774.500352,2603.49952,834.4995840000001,3049.00096,443.3677058733076
IMG20250118233355_BURST045.jpg,771.9997440000001,2611.499008,836.499456,3061.501952,444.45426171264637
IMG20250118233355_BURST046.jpg,789.9985919999999,2629.500928,839.5008,3064.500224,444.6972209247174
IMG20250118233355_BURST048.jpg,781.999104,2633.998336,846.498816,3080.4992,444.413249670236
IMG20250118233355_BURST049.jpg,785.000448,2640.9984,846.498816,3091.001344,442.7861219709047
IMG20250119205411_BURST000_COVER.jpg,516.999168,694.501376,511.50028800000007,1172.50048,447.88542511716304
IMG20250119205411_BURST002.jpg,514.49856,712.998912,511.50028800000007,1188.499456,445.29739639264295
IMG20250119205411_BURST003.jpg,516.5015040000001,722.00192,510.001152,1197.498368,449.7621172174896
IMG20250119205411_BURST004.jpg,518.99904,730.001408,513.50016,1203.99872,439.223780324477
IMG20250119205411_BURST005.jpg,516.5015040000001,736.50176,514.000896,1210.499072,449.91061697297124
IMG20250119205411_BURST006.jpg,525.499392,752.001024,515.500032,1235.001344,449.9140674053794
IMG20250119205411_BURST007.jpg,521.499648,756.498432,514.000896,1229.000704,449.55534815926023
IMG20250119205411_BURST008.jpg,516.999168,754.999296,512.999424,1238.499328,452.09353181695445
IMG20250119205411_BURST009.jpg,514.000896,772.001792,516.999168,1245.999104,452.85255666063006
IMG20250119205411_BURST010.jpg,528.500736,786.501632,520.501248,1258.000384,438.54333059853957
IMG20250119205411_BURST011.jpg,524.500992,789.999616,518.5013759999999,1260.498944,446.63269086844787
IMG20250119205411_BURST012.jpg,519.499776,798.498816,518.00064,1266.499584,447.760352975515
IMG20250119205411_BURST013.jpg,524.500992,809.00096,523.4995200000001,1281.499136,445.796299674262
IMG20250119205411_BURST014.jpg,524.000256,819.499008,522.0003839999999,1293.000704,454.00766690195326
IMG20250119205411_BURST017.jpg,529.4991359999999,843.501568,525.499392,1308.99968,450.2158502955631
IMG20250119205411_BURST018.jpg,529.9998720000001,849.498112,521.499648,1320.001536,447.94649623986413
IMG20250119205411_BURST019.jpg,529.9998720000001,870.998016,522.5011199999999,1325.99808,448.6501487284695
IMG20250119205411_BURST020.jpg,529.9998720000001,869.49888,526.9985280000001,1336.999936,452.249920297534
IMG20250119205411_BURST021.jpg,529.0014719999999,875.999232,525.499392,1342.500864,452.1595730948504
IMG20250119205411_BURST023.jpg,526.5008640000001,893.001728,529.0014719999999,1358.999552,448.3769064529707
IMG20250119205411_BURST027.jpg,529.4991359999999,925.999104,529.9998720000001,1386.000384,444.4844633032729
IMG20250119205411_BURST028.jpg,533.9996160000001,933.998592,533.001216,1400.000512,452.7366970490309
IMG20250119205411_BURST029.jpg,534.500352,940.998656,532.5004799999999,1405.001728,451.81778138167425
IMG20250119205411_BURST030.jpg,535.9994879999999,954.998784,539.000832,1411.497984,449.7023157246726
IMG20250119205411_BURST031.jpg,536.500224,960.0,539.000832,1421.000704,451.85492422805197
IMG20250119205411_BURST033.jpg,539.999232,979.001344,539.4984959999999,1436.499968,453.93100684038484
IMG20250119205411_BURST034.jpg,537.4986240000001,981.999616,539.999232,1443.500032,455.9750609059603
IMG20250119205411_BURST035.jpg,543.501312,994.500608,541.000704,1449.00096,453.2317316406885
IMG20250119205411_BURST038.jpg,541.50144,1014.001664,543.000576,1473.998848,454.36966340674337
IMG20250119205411_BURST040.jpg,542.49984,1035.001856,545.501184,1491.501056,448.15896704866196
IMG20250119205411_BURST041.jpg,545.501184,1039.998976,549.000192,1501.499392,451.3610327407508
IMG20250119205411_BURST042.jpg,545.501184,1049.001984,551.5008,1508.499456,447.12497844824634
IMG20250119205411_BURST043.jpg,548.499456,1059.00032,553.500672,1516.498944,459.2110753987733
IMG20250119205411_BURST046.jpg,553.500672,1080.500224,552.999936,1540.001792,461.28110978983256
IMG20250119205411_BURST047.jpg,553.500672,1092.501504,556.0012800000001,1547.501568,452.4581592752913
IMG20250119205411_BURST048.jpg,551.000064,1100.00128,554.499072,1553.498112,459.89714728736647
IMG20250119205411_BURST049.jpg,552.001536,1107.001344,558.001152,1561.501696,457.05150888750484
IMG20250119214045_BURST000_COVER.jpg,591.998976,1416.998912,602.001408,1860.501504,455.3881288585082
IMG20250119214045_BURST001.jpg,601.500672,1433.001984,606.999552,1863.999488,454.8982183359341
IMG20250119214045_BURST002.jpg,597.998592,1434.001408,602.499072,1874.501632,459.20706153276615
IMG20250119214045_BURST003.jpg,600.999936,1441.001472,612.5015040000001,1876.50048,454.3985810972329
IMG20250119214045_BURST004.jpg,599.998464,1446.998016,606.999552,1884.000256,450.40155166856505
IMG20250119214045_BURST005.jpg,599.5008,1449.00096,609.50016,1894.498304,457.4726528244611
IMG20250119214045_BURST006.jpg,603.500544,1463.001088,612.5015040000001,1902.501888,458.14203907571334
IMG20250119214045_BURST007.jpg,610.49856,1474.998272,615.499776,1907.499008,462.63944260848695
IMG20250119214045_BURST008.jpg,607.5002880000001,1478.00064,614.00064,1911.5008,456.4837044945858
IMG20250119214045_BURST009.jpg,609.50016,1496.498176,616.998912,1923.497984,461.2675992462356
IMG20250119214045_BURST010.jpg,606.498816,1493.499904,619.4995200000001,1930.498048,457.73808430620403
IMG20250119214045_BURST015.jpg,612.5015040000001,1530.998784,625.0014719999999,1968.001024,458.8127615852144
IMG20250119214045_BURST016.jpg,616.0005120000001,1540.001792,623.499264,1975.001088,449.4034174346003
IMG20250119214045_BURST017.jpg,617.499648,1550.000128,624.0,1978.499072,413.65825191425563
IMG20250119214045_BURST019.jpg,617.499648,1565.499392,627.999744,1997.000704,415.4296428333346
IMG20250119214045_BURST021.jpg,620.500992,1576.001536,628.5004799999999,2012.000256,414.9363324059733
IMG20250119214045_BURST022.jpg,622.5008640000001,1585.50016,630.500352,2019.500032,417.96488746993083
IMG20250119214045_BURST023.jpg,616.0005120000001,1588.998144,629.4988800000001,2027.999232,414.58225285716827
IMG20250119214045_BURST024.jpg,625.4991359999999,1605.500928,637.50144,2038.001664,416.024543512446
IMG20250119214045_BURST025.jpg,627.001344,1614.000128,635.999232,2046.500864,413.29370025504886
IMG20250119214045_BURST026.jpg,628.5004799999999,1616.498688,637.000704,2050.49856,413.7953200532347
IMG20250119214045_BURST027.jpg,631.001088,1626.50112,637.50144,2055.999488,417.51640702496223
IMG20250119214045_BURST028.jpg,629.4988800000001,1633.001472,640.4997119999999,2062.999552,415.02999695448347
IMG20250119214045_BURST029.jpg,633.99936,1641.500672,639.998976,2075.500544,413.0406695349453
IMG20250119214045_BURST030.jpg,633.00096,1648.001024,641.000448,2076.99968,416.0242407576587
IMG20250119214045_BURST031.jpg,634.500096,1657.499648,643.9987199999999,2082.000896,415.6778709356848
IMG20250119214045_BURST032.jpg,633.99936,1662.001152,647.5008,2098.999296,414.8369086774029
IMG20250119214045_BURST034.jpg,637.999104,1678.49984,648.4992,2112.999424,417.92073997404856
IMG20250119214045_BURST035.jpg,634.500096,1685.499904,649.500672,2118.500352,413.0865984110081
IMG20250119214045_BURST036.jpg,636.499968,1694.498816,647.000064,2120.4992,411.8997291405185
IMG20250119214045_BURST037.jpg,639.501312,1701.998592,651.500544,2133.499904,411.3504704344967
IMG20250119214045_BURST038.jpg,647.5008,1713.000448,652.0012800000001,2138.001408,411.354547984823
IMG20250119214045_BURST041.jpg,645.000192,1728.499712,662.00064,2166.001664,419.81336468658
IMG20250119214045_BURST042.jpg,646.499328,1737.998336,653.500416,2164.998144,414.50501277600404
IMG20250119214045_BURST043.jpg,645.000192,1748.50048,658.49856,2172.502016,418.7290804614381
IMG20250119214045_BURST045.jpg,647.5008,1760.50176,659.500032,2186.498048,417.66629340222306
IMG20250119214045_BURST046.jpg,650.001408,1769.500672,659.500032,2197.999616,414.186619949655
IMG20250119214045_BURST047.jpg,650.999808,1775.0016,662.99904,2209.501184,420.905344608933
IMG20250121220603_BURST000_COVER.jpg,267.500544,1891.999744,339.499008,2334.498816,412.0922428672362
IMG20250121220603_BURST001.jpg,266.00140799999997,1905.50016,341.001216,2342.998016,408.7273246587401
IMG20250121220603_BURST002.jpg,270.001152,1912.000512,343.999488,2353.50016,414.2925814094159
IMG20250121220603_BURST003.jpg,272.999424,1918.001152,344.500224,2360.500224,415.28449428171643
IMG20250121220603_BURST004.jpg,274.000896,1928.998912,345.498624,2366.001152,421.172790726099
IMG20250121220603_BURST005.jpg,274.49856,1934.49984,347.999232,2372.001792,415.5766691821057
IMG20250121220603_BURST006.jpg,282.000384,1940.000768,349.999104,2382.000128,417.7175445950795
IMG20250121220603_BURST007.jpg,281.499648,1949.999104,353.000448,2391.498752,413.0909823175645
IMG20250121220603_BURST008.jpg,276.501504,1953.501184,354.499584,2396.499968,419.16175022468536
IMG20250121220603_BURST009.jpg,280.50124800000003,1966.501888,353.50118399999997,2407.501824,413.2963732540154
IMG20250121220603_BURST010.jpg,284.00025600000004,1970.499584,358.499328,2409.00096,417.21151535635227
IMG20250121220603_BURST012.jpg,289.499136,1992.4992,360.99993600000005,2425.499648,419.8620687528988
IMG20250121220603_BURST013.jpg,288.0,1996.500992,368.001024,2441.498624,418.51101157483674
IMG20250121220603_BURST014.jpg,293.001216,2005.000192,364.00128,2441.998336,424.7196859694431
IMG20250121220603_BURST015.jpg,294.500352,2006.99904,368.999424,2451.501056,426.97391815672444
IMG20250121220603_BURST016.jpg,294.500352,2019.00032,376.998912,2460.499968,421.4973751188336
IMG20250121220603_BURST017.jpg,297.99935999999997,2025.00096,372.999168,2466.500608,423.50479481666844
IMG20250121220603_BURST018.jpg,297.00096,2033.999872,374.00064000000003,2474.999808,428.3184159677604
IMG20250121220603_BURST019.jpg,303.501312,2036.498432,379.49952,2477.99808,426.43910798750414
IMG20250121220603_BURST020.jpg,305.000448,2051.497984,380.998656,2484.998144,430.29186736966057
IMG20250121220603_BURST022.jpg,308.499456,2062.49984,384.0,2500.501504,428.2447721404287
IMG20250121220603_BURST023.jpg,318.49881600000003,2068.50048,391.49875199999997,2510.000128,431.487662540987
IMG20250121220603_BURST024.jpg,319.500288,2080.50176,392.500224,2518.499328,426.8635095465723
IMG20250121220603_BURST025.jpg,316.99968,2083.00032,391.001088,2518.499328,432.5458975252613
IMG20250121220603_BURST026.jpg,318.49881600000003,2093.498368,394.500096,2529.001472,428.15620878928956
IMG20250121220603_BURST028.jpg,321.50016,2104.999936,401.998848,2547.99872,431.9111810928251
IMG20250121220603_BURST030.jpg,332.998656,2128.498688,407.00006399999995,2564.001792,431.7733235857556
IMG20250121220603_BURST032.jpg,328.000512,2139.500544,408.49920000000003,2575.499264,430.52713944183955
IMG20250121220603_BURST033.jpg,336.50073599999996,2146.500608,408.99993600000005,2585.001984,432.76894099591726
IMG20250121220603_BURST034.jpg,339.001344,2152.001536,412.99968,2590.498816,432.41043124519007
IMG20250121220603_BURST035.jpg,337.999872,2165.501952,421.499904,2602.000384,435.86171146865496
IMG20250121220603_BURST036.jpg,340.50048,2169.499648,420.501504,2604.998656,431.8482841704586
IMG20250121220603_BURST037.jpg,339.001344,2170.998784,420.000768,2611.499008,434.4296684416867
IMG20250121220603_BURST038.jpg,346.500096,2185.498624,424.000512,2624.0,430.2125618290908
IMG20250121220603_BURST039.jpg,347.999232,2187.001856,428.500992,2629.500928,431.0227620023872
IMG20250121220603_BURST040.jpg,346.500096,2199.998464,428.500992,2631.499776,433.53600168701473
IMG20250121220603_BURST041.jpg,346.500096,2199.498752,430.50086400000004,2641.498112,435.01101010997525
IMG20250121220603_BURST042.jpg,351.501312,2207.997952,435.499008,2650.001408,433.82941708306083
IMG20250121220603_BURST044.jpg,361.500672,2224.001024,437.99961600000006,2666.999808,443.09649123737285
IMG20250121220603_BURST046.jpg,360.4992,2240.0,443.000832,2684.502016,431.4061464027958
IMG20250121220603_BURST048.jpg,371.500032,2245.500928,449.998848,2691.497984,438.2722915815101
IMG20250121220603_BURST049.jpg,366.49881600000003,2266.001408,447.501312,2696.998912,438.7665686263018
IMG20250121224118_BURST000_COVER.jpg,410.00140799999997,2389.999616,489.49862400000006,2829.500416,437.36290935610356
IMG20250121224118_BURST001.jpg,412.99968,2397.999104,495.99897599999997,2837.999616,439.115366528996
IMG20250121224118_BURST002.jpg,414.001152,2404.499456,497.000448,2842.50112,439.325408601152
IMG20250121224118_BURST003.jpg,411.500544,2408.501248,501.50092800000004,2853.49888,438.83019240115715
IMG20250121224118_BURST004.jpg,418.000896,2419.499008,501.000192,2861.99808,440.1117623973709
IMG20250121224118_BURST005.jpg,420.501504,2430.500864,504.49920000000003,2870.501376,441.02510411610444
IMG20250121224118_BURST006.jpg,424.000512,2434.998272,506.49907199999996,2875.998208,449.8255981200948
IMG20250121224118_BURST007.jpg,424.50124800000003,2443.001856,510.498816,2887.000064,441.65965039665264
IMG20250121224118_BURST009.jpg,428.998656,2454.99904,514.49856,2899.001344,443.32565134341723
IMG20250121224118_BURST010.jpg,435.001344,2463.49824,516.000768,2904.498176,445.1250568919915
IMG20250121224118_BURST011.jpg,439.001088,2472.001536,517.499904,2909.499392,449.71941404890765
IMG20250121224118_BURST012.jpg,435.99974399999996,2475.999232,524.500992,2920.001536,442.7216718409718
IMG20250121224118_BURST013.jpg,439.999488,2486.001664,520.998912,2930.499584,437.65569138346575
IMG20250121224118_BURST015.jpg,445.50144,2501.500928,531.001344,2943.000576,435.5318868171134
IMG20250121224118_BURST016.jpg,447.000576,2509.500416,533.4988800000001,2952.998912,430.59120437196407
IMG20250121224118_BURST018.jpg,453.50092800000004,2522.001408,537.99936,2967.998464,431.0045282955311
IMG20250121224118_BURST019.jpg,453.99859200000003,2527.49824,541.50144,2974.998528,435.83933950055314
IMG20250121224118_BURST021.jpg,462.999552,2542.501888,549.000192,2987.49952,434.25546831498076
IMG20250121224118_BURST022.jpg,464.00102400000003,2551.001088,545.501184,2998.001664,433.4446827945926
IMG20250121224118_BURST023.jpg,470.50137599999994,2561.998848,552.999936,3002.499072,432.8037439282153
IMG20250121224118_BURST025.jpg,466.99929599999996,2572.500992,556.0012800000001,3015.000064,429.32047692170545
IMG20250121224118_BURST026.jpg,478.50086400000004,2587.000832,558.001152,3027.001344,433.4446827945926
IMG20250121224118_BURST029.jpg,480.50073599999996,2597.998592,572.000256,3048.001536,434.6786765549008
IMG20250121224118_BURST030.jpg,483.001344,2607.0016,577.4991359999999,3058.499584,430.96299189914726
IMG20250121224118_BURST031.jpg,486.500352,2621.001728,570.998784,3065.499648,427.1901038508891
IMG20250121224118_BURST033.jpg,488.500224,2630.00064,581.001216,3080.4992,426.15437619900933
IMG20250121224118_BURST034.jpg,493.00070400000004,2639.499264,581.001216,3087.998976,430.6824931013368
IMG20250121224118_BURST035.jpg,497.000448,2646.99904,583.9994879999999,3093.999616,423.6403002289926
IMG20250121224118_BURST036.jpg,499.99871999999993,2655.49824,587.000832,3101.999104,426.48102920636774
IMG20250121224118_BURST037.jpg,501.000192,2660.999168,592.4997119999999,3110.998016,424.88919463399236
IMG20250121224118_BURST039.jpg,506.49907199999996,2679.5008,595.9987199999999,3124.998144,425.2939685344567
IMG20250121224118_BURST040.jpg,512.498688,2688.499712,596.499456,3130.998784,422.62594185798145
IMG20250121224118_BURST041.jpg,510.001152,2695.999488,604.99968,3143.499776,424.58079223985607
IMG20250121224118_BURST042.jpg,511.50028800000007,2696.998912,604.99968,3145.498624,424.79228604153917
IMG20250121224118_BURST043.jpg,514.000896,2702.49984,605.500416,3156.000768,423.2084054950517
IMG20250121224118_BURST044.jpg,524.998656,2714.001408,610.000896,3162.50112,428.0884061810346
IMG20250121224118_BURST045.jpg,520.998912,2717.999104,610.49856,3170.500608,427.32606811634366
IMG20250121224118_BURST046.jpg,523.4995200000001,2727.501824,614.99904,3176.001536,415.93607044659336
IMG20250121224118_BURST048.jpg,533.4988800000001,2744.000512,622.9985280000001,3193.99936,428.86901408074505
IMG20250121224118_BURST049.jpg,535.9994879999999,2756.001792,622.5008640000001,3197.001728,413.4006083459488
IMG20250122235305_BURST000_COVER.jpg,1011.9997440000001,1770.500096,1048.998912,2182.500352,421.1500353127286
IMG20250122235305_BURST002.jpg,1012.5004799999999,1785.499648,1052.500992,2198.99904,428.46615114054566
IMG20250122235305_BURST004.jpg,1015.4987520000001,1795.497984,1055.499264,2208.50176,411.3035866117062
IMG20250122235305_BURST005.jpg,1017.498624,1804.00128,1057.999872,2219.999232,410.09652179962103
IMG20250122235305_BURST006.jpg,1019.000832,1816.498176,1060.50048,2228.998144,419.2600861411873
IMG20250122235305_BURST007.jpg,1019.4984959999999,1819.500544,1060.50048,2233.499648,420.8113511789147
IMG20250122235305_BURST008.jpg,1023.998976,1832.001536,1062.500352,2243.497984,418.664304863584
IMG20250122235305_BURST009.jpg,1023.998976,1836.998656,1062.500352,2248.998912,421.9143713562952
IMG20250122235305_BURST011.jpg,1025.998848,1848.999936,1067.000832,2264.498176,422.180597527341
IMG20250122235305_BURST012.jpg,1025.998848,1858.49856,1067.000832,2271.49824,425.57940174246517
IMG20250122235305_BURST014.jpg,1029.000192,1869.500416,1069.999104,2280.501248,422.2463655264494
IMG20250122235305_BURST015.jpg,1031.5008,1878.499328,1072.499712,2292.498432,416.8808064116
IMG20250122235305_BURST016.jpg,1032.999936,1884.499968,1075.501056,2297.99936,416.23047609429636
IMG20250122235305_BURST018.jpg,1036.99968,1898.999808,1075.99872,2311.999488,421.51782872865397
IMG20250122235305_BURST021.jpg,1042.49856,1920.999424,1082.499072,2337.001472,419.41301792107504
IMG20250122235305_BURST022.jpg,1044.0007679999999,1931.001856,1085.5004159999999,2341.998592,412.84724613972287
IMG20250122235305_BURST023.jpg,1044.999168,1937.498112,1084.498944,2347.49952,414.4835035192096
IMG20250122235305_BURST024.jpg,1047.4997759999999,1945.001984,1086.498816,2354.499584,414.78721272506857
IMG20250122235305_BURST025.jpg,1052.0002559999998,1951.997952,1090.999296,2361.499648,418.1478794365269
IMG20250122235305_BURST028.jpg,1052.0002559999998,1969.000448,1096.000512,2386.501632,419.8661416813531
IMG20250122235305_BURST029.jpg,1057.001472,1982.001152,1102.500864,2394.001408,418.8211465185209
IMG20250122235305_BURST030.jpg,1061.001216,1984.499712,1098.998784,2401.501184,412.79536692299104
IMG20250122235305_BURST031.jpg,1057.999872,1989.500928,1100.500992,2404.999168,414.7296503380513
IMG20250122235305_BURST032.jpg,1059.9997440000002,2000.498688,1102.500864,2412.498944,416.8276514261827
IMG20250122235305_BURST033.jpg,1063.498752,2003.501056,1103.499264,2422.501376,420.0276781563544
IMG20250122235305_BURST034.jpg,1062.500352,2016.50176,1104.0,2426.499072,420.6531874330971
IMG20250122235305_BURST035.jpg,1067.498496,2022.498304,1105.001472,2429.50144,419.53097552645994
IMG20250122235305_BURST036.jpg,1071.5013119999999,2028.498944,1109.999616,2440.998912,417.9820356372594
IMG20250122235305_BURST037.jpg,1067.498496,2033.999872,1111.001088,2446.999552,419.4130179210752
IMG20250122235305_BURST038.jpg,1073.998848,2043.498496,1111.498752,2462.998528,423.50479481666895
IMG20250122235305_BURST039.jpg,1071.5013119999999,2048.999424,1113.0009599999998,2462.498816,419.0616940470283
IMG20250122235305_BURST040.jpg,1073.998848,2053.500928,1117.000704,2468.999168,416.2260846442489
IMG20250122235305_BURST041.jpg,1077.998592,2067.501056,1119.5013119999999,2478.501888,420.54434968237496
IMG20250122235305_BURST042.jpg,1076.499456,2069.499904,1119.0005760000001,2486.501376,426.2696544967561
IMG20250122235305_BURST044.jpg,1079.000064,2086.498304,1122.4995840000001,2497.499136,420.31032771616304
IMG20250122235305_BURST046.jpg,1081.5006720000001,2096.500736,1128.999936,2510.999552,417.32457484580516
IMG20250122235305_BURST048.jpg,1084.99968,2110.001152,1129.5006720000001,2527.49824,415.4592495838161
IMG20250122235305_BURST049.jpg,1090.49856,2117.500928,1131.500544,2533.998592,416.9477456199389
IMG20250123003025_BURST001.jpg,1125.998592,2281.500672,1173.998592,2703.499264,422.3522476632127
IMG20250123003025_BURST002.jpg,1129.5006720000001,2284.998656,1170.4995840000001,2709.999616,423.3971876365014
IMG20250123003025_BURST003.jpg,1140.0007679999999,2294.001664,1175.5008,2714.001408,423.1777609056961
IMG20250123003025_BURST004.jpg,1131.500544,2301.001728,1177.5006720000001,2722.000896,425.77354092169975
IMG20250123003025_BURST005.jpg,1134.999552,2303.500288,1179.500544,2729.500672,421.9730505140333
IMG20250123003025_BURST006.jpg,1139.500032,2316.00128,1189.499904,2739.499008,428.1789955261931
IMG20250123003025_BURST008.jpg,1142.00064,2318.000128,1198.998528,2744.500224,422.9612693570753
IMG20250123003025_BURST009.jpg,1146.000384,2331.500544,1202.5006079999998,2756.001792,417.5960148356939
IMG20250123003025_BURST010.jpg,1148.0002559999998,2335.49824,1206.500352,2763.001856,424.7196859694431
IMG20250123003025_BURST011.jpg,1150.000128,2346.000384,1203.499008,2769.498112,419.69799586215373
IMG20250123003025_BURST012.jpg,1150.998528,2349.99808,1209.99936,2778.50112,421.2522716856645
IMG20250123003025_BURST013.jpg,1150.998528,2356.998144,1210.500096,2780.99968,421.7312739962528
IMG20250123003025_BURST014.jpg,1159.001088,2367.500288,1217.000448,2795.49952,524.3358244037813
IMG20250123003025_BURST015.jpg,1154.5006079999998,2371.497984,1218.4995840000001,2798.501888,535.8206606783986
IMG20250123003025_BURST016.jpg,1156.50048,2377.498624,1211.498496,2804.498432,528.6574466300563
IMG20250123003025_BURST017.jpg,1159.999488,2382.999552,1217.000448,2811.998208,527.0366959891695
IMG20250123003025_BURST020.jpg,1165.000704,2405.49888,1223.000064,2834.00192,527.208105161605
IMG20250123003025_BURST021.jpg,1167.0005760000001,2413.99808,1228.498944,2845.499392,527.1983086383688
IMG20250123003025_BURST022.jpg,1169.501184,2420.498432,1226.999808,2848.50176,514.8888940867911
IMG20250123003025_BURST023.jpg,1172.499456,2428.502016,1226.999808,2859.49952,520.2153819107912
IMG20250123003025_BURST024.jpg,1167.0005760000001,2439.000064,1230.498816,2864.500736,518.0399881255493
IMG20250123003025_BURST025.jpg,1175.5008,2444.00128,1230.498816,2871.5008,521.190157140078
IMG20250123003025_BURST026.jpg,1176.999936,2448.498688,1236.0007679999999,2878.001152,521.5554487499634
IMG20250123003025_BURST027.jpg,1178.001408,2451.501056,1240.501248,2881.998848,518.3762921739776
IMG20250123003025_BURST029.jpg,1183.500288,2470.998016,1240.998912,2901.000192,516.2032521893117
IMG20250123003025_BURST031.jpg,1184.9994239999999,2475.999232,1251.9997440000002,2914.000896,511.57548185288334
IMG20250123003025_BURST032.jpg,1186.999296,2492.502016,1248.500736,2919.501824,512.3426552009029
IMG20250123003025_BURST034.jpg,1192.000512,2504.4992,1256.5002240000001,2937.99936,514.9405966536104
IMG20250123003025_BURST035.jpg,1194.50112,2512.9984,1259.000832,2946.998272,513.2788089808985
IMG20250123003025_BURST036.jpg,1198.000128,2520.498176,1255.999488,2953.998336,512.498688
IMG20250123003025_BURST037.jpg,1197.4993920000002,2525.999104,1261.000704,2960.498688,509.6847521364568
IMG20250123003025_BURST038.jpg,1200.0,2531.500032,1261.50144,2966.499328,508.32483150150887
IMG20250123003025_BURST040.jpg,1202.5006079999998,2550.001664,1263.9989759999999,2984.501248,509.4636551681085
IMG20250123003025_BURST041.jpg,1207.001088,2554.998784,1267.00032,2991.0016,503.0613322952782
IMG20250123003025_BURST042.jpg,1203.001344,2561.998848,1265.998848,2998.501376,505.14690835910574
IMG20250123003025_BURST043.jpg,1207.001088,2567.999488,1276.00128,3012.501504,504.54684173578727
IMG20250123003025_BURST045.jpg,1211.000832,2581.499904,1274.999808,3018.498048,508.2497977273548
IMG20250123003025_BURST046.jpg,1213.50144,2588.000256,1282.000896,3026.00192,498.47594097353885
IMG20250123003025_BURST047.jpg,1217.501184,2595.999744,1281.50016,3036.499968,494.8082286076161
IMG20250123003025_BURST048.jpg,1217.501184,2601.00096,1282.49856,3045.998592,500.8010426690846
IMG20250123003025_BURST049.jpg,1221.998592,2613.501952,1286.5013760000002,3051.49952,501.1654761959503
IMG20250201203720_BURST000_COVER.jpg,865.4991359999999,1275.998208,903.4997759999999,1712.001024,506.94876956737414
IMG20250201203720_BURST001.jpg,864.5007360000001,1284.501504,900.999168,1718.501376,490.59084593915424
IMG20250201203720_BURST002.jpg,865.0014719999999,1294.49984,902.00064,1723.498496,502.15005577367026
IMG20250201203720_BURST003.jpg,866.5006079999999,1301.999616,902.501376,1731.497984,491.20888088959816
IMG20250201203720_BURST004.jpg,866.5006079999999,1308.499968,906.5011199999999,1742.49984,491.28908480890084
IMG20250201203720_BURST005.jpg,867.001344,1314.500608,906.000384,1747.001344,493.8435489780761
IMG20250201203720_BURST006.jpg,867.001344,1323.49952,908.0002559999999,1755.000832,494.9556030038308
IMG20250201203720_BURST007.jpg,871.4987520000001,1333.501952,910.9985280000001,1764.499456,490.286863524749
IMG20250201203720_BURST011.jpg,876.499968,1362.501632,915.9997440000001,1790.001152,485.85183414315526
IMG20250201203720_BURST012.jpg,874.500096,1366.499328,915.499008,1798.00064,492.1470218078817
IMG20250201203720_BURST013.jpg,879.0005760000001,1377.001472,922.500096,1809.498112,487.9791439393107
IMG20250201203720_BURST014.jpg,883.00032,1386.000384,918.500352,1815.498752,445.14929298236603
IMG20250201203720_BURST015.jpg,880.499712,1391.0016,918.500352,1816.498176,436.1258586663359
IMG20250201203720_BURST016.jpg,886.499328,1401.99936,923.9992320000001,1826.500608,443.37751124166743
IMG20250201203720_BURST017.jpg,882.4995840000001,1402.499072,920.5002240000001,1831.501824,436.4569961376949
IMG20250201203720_BURST019.jpg,886.499328,1423.998976,929.000448,1845.501952,439.7400001895231
IMG20250201203720_BURST021.jpg,892.99968,1435.000832,928.499712,1860.001792,438.3850245290413
IMG20250201203720_BURST022.jpg,892.4989439999999,1446.998016,932.499456,1870.000128,431.35552659056793
IMG20250201203720_BURST023.jpg,896.9994239999999,1450.500096,936.001536,1874.00192,439.4994439864262
IMG20250201203720_BURST024.jpg,898.000896,1459.99872,935.0000640000001,1881.001984,439.1554334784445
IMG20250201203720_BURST025.jpg,897.50016,1469.001728,939.500544,1891.500032,430.6313954106737
IMG20250201203720_BURST026.jpg,902.99904,1478.500352,942.001152,1901.498368,436.92895617436534
IMG20250201203720_BURST027.jpg,902.99904,1483.501568,940.99968,1905.000448,440.28500951204785
IMG20250201203720_BURST028.jpg,900.0007679999999,1486.000128,946.999296,1911.5008,438.1369432579251
IMG20250201203720_BURST029.jpg,906.9987839999999,1498.001408,946.49856,1923.497984,430.8706407837636
IMG20250201203720_BURST030.jpg,910.5008640000001,1509.998592,944.9994239999999,1924.501504,440.60471214937155
IMG20250201203720_BURST032.jpg,915.001344,1524.498432,954.9987839999999,1951.49824,432.26345831864637
IMG20250201203720_BURST034.jpg,917.0012160000001,1541.500928,950.99904,1953.501184,1031.9960739023593
IMG20250201203720_BURST035.jpg,917.0012160000001,1545.998336,959.4992639999999,1964.998656,435.0650599480841
IMG20250201203720_BURST036.jpg,917.0012160000001,1552.498688,958.0001279999999,1978.998784,436.3529987548088
IMG20250201203720_BURST037.jpg,923.9992320000001,1562.001408,962.5006079999999,1971.499008,422.1408766418936
IMG20250201203720_BURST038.jpg,925.50144,1575.501824,955.4995200000001,1984.499712,430.7598655431545
IMG20250201203720_BURST039.jpg,925.000704,1575.501824,968.5002240000001,1992.4992,427.3466531630546
IMG20250201203720_BURST041.jpg,926.49984,1585.999872,965.4988800000001,2005.000192,429.43501752588594
IMG20250201203720_BURST042.jpg,923.000832,1595.998208,965.4988800000001,2012.499968,437.65113354316924
IMG20250201203720_BURST045.jpg,929.998848,1618.501632,979.5010560000001,2037.501952,429.11636991426747
IMG20250201203720_BURST046.jpg,934.499328,1628.000256,981.9985919999999,2047.500288,425.3430528725946
IMG20250201203720_BURST048.jpg,940.99968,1642.500096,983.0000640000001,2066.00192,427.4671355619674
IMG20250201203720_BURST049.jpg,938.4990720000001,1651.499008,981.9985919999999,2071.498752,435.06586136982446
IMG20250201212949_BURST000_COVER.jpg,1019.4984959999999,1998.999552,1063.999488,2413.498368,429.29494443134803
IMG20250201212949_BURST001.jpg,1019.9992320000001,2007.998464,1063.001088,2422.001664,429.79243601159874
IMG20250201212949_BURST002.jpg,1022.49984,2012.499968,1068.499968,2431.500288,416.08017356890883
IMG20250201212949_BURST003.jpg,1025.998848,2020.999168,1065.99936,2438.500352,429.1437513945688
IMG20250201212949_BURST004.jpg,1030.4993279999999,2032.500736,1069.50144,2443.501568,426.2770815353118
IMG20250201212949_BURST005.jpg,1029.000192,2037.501952,1069.50144,2450.00192,424.32492687866636
IMG20250201212949_BURST006.jpg,1033.5006720000001,2047.500288,1077.000192,2460.000256,424.20146806159687
IMG20250201212949_BURST007.jpg,1031.5008,2054.00064,1078.4993279999999,2469.49888,419.63952164755614
IMG20250201212949_BURST008.jpg,1034.499072,2054.500352,1079.000064,2472.001536,439.0788751571764
IMG20250201212949_BURST009.jpg,1042.000896,2064.9984,1080.999936,2481.999872,420.5415472097457
IMG20250201212949_BURST011.jpg,1036.99968,2081.501184,1080.4992,2491.998208,433.39924295385646
IMG20250201212949_BURST012.jpg,1042.49856,2090.500096,1090.000896,2502.500352,420.28607731405356
IMG20250201212949_BURST013.jpg,1048.998912,2098.499584,1092.999168,2512.9984,432.9133553318182
IMG20250201212949_BURST014.jpg,1044.999168,2104.000512,1090.999296,2521.501696,519.3382934495476
IMG20250201212949_BURST017.jpg,1052.0002559999998,2119.999488,1094.5013760000002,2538.500096,518.5883015285577
IMG20250201212949_BURST018.jpg,1052.500992,2128.498688,1098.50112,2545.50016,513.5186963749572
IMG20250201212949_BURST019.jpg,1055.499264,2138.50112,1100.998656,2553.99936,518.5298408762386
IMG20250201212949_BURST021.jpg,1059.9997440000002,2148.999168,1100.0002559999998,2566.500352,513.1958404596903
IMG20250201212949_BURST022.jpg,1056.0,2155.49952,1102.000128,2576.498688,516.6956347724075
IMG20250201212949_BURST023.jpg,1065.4986239999998,2164.998144,1107.001344,2581.999616,515.309405449294
IMG20250201212949_BURST024.jpg,1062.500352,2173.50144,1105.499136,2587.500544,508.2067316522646
IMG20250201212949_BURST026.jpg,1064.5002240000001,2184.998912,1115.000832,2602.500096,511.24210325436616
IMG20250201212949_BURST028.jpg,1067.000832,2198.499328,1115.498496,2622.001152,502.15742688540826
IMG20250201212949_BURST029.jpg,1069.999104,2206.498816,1113.99936,2624.499712,505.30095925826197
IMG20250201212949_BURST030.jpg,1075.00032,2216.001536,1119.0005760000001,2631.000064,517.057182787725
IMG20250201212949_BURST031.jpg,1068.499968,2222.501888,1117.999104,2635.001856,507.35336380463264
IMG20250201212949_BURST032.jpg,1079.000064,2233.499648,1128.4992,2647.498752,493.22525687200226
IMG20250201212949_BURST033.jpg,1078.4993279999999,2237.001728,1127.5008,2656.50176,507.08172575740167
IMG20250201212949_BURST034.jpg,1082.001408,2240.499712,1127.000064,2661.49888,495.6860270147579
IMG20250201212949_BURST035.jpg,1087.500288,2250.498048,1134.999552,2671.0016,497.89245089913743
IMG20250201212949_BURST037.jpg,1084.498944,2261.999616,1132.99968,2685.001728,489.2186622255727
IMG20250201212949_BURST038.jpg,1085.5004159999999,2275.500032,1135.500288,2694.500352,488.683670727936
IMG20250201212949_BURST041.jpg,1090.000896,2292.498432,1146.000384,2716.99968,494.5294902756973
IMG20250201212949_BURST042.jpg,1093.499904,2303.500288,1147.49952,2723.00032,501.71440875596187
IMG20250201212949_BURST043.jpg,1102.000128,2308.501504,1138.49856,2724.499456,501.8364517500318
IMG20250201212949_BURST044.jpg,1098.50112,2310.500352,1146.50112,2732.498944,493.8034361877704
IMG20250201212949_BURST045.jpg,1100.500992,2324.50048,1148.0002559999998,2741.501952,492.50204199180325
IMG20250201212949_BURST047.jpg,1113.0009599999998,2340.999168,1156.50048,2759.999488,496.67644196579437
IMG20250201212949_BURST049.jpg,1106.5006079999998,2350.501888,1162.500096,2768.498688,500.4914639054026
IMG20250227204628_BURST000_COVER.jpg,193.49913600000002,378.998784,311.00006399999995,889.99936,476.8566372798119
IMG20250227204628_BURST001.jpg,188.998656,377.499648,305.50118399999997,900.501504,486.27489311511675
IMG20250227204628_BURST002.jpg,188.500992,389.001216,303.501312,904.998912,498.1768571914517
IMG20250227204628_BURST003.jpg,193.49913600000002,404.50048,305.50118399999997,919.498752,502.3329931113472
IMG20250227204628_BURST005.jpg,206.49984,423.501824,316.99968,938.999808,482.8229838781597
IMG20250227204628_BURST006.jpg,200.500224,427.999232,315.500544,942.501888,479.6559599552868
IMG20250227204628_BURST007.jpg,214.499328,449.998848,324.501504,952.999936,486.7810129761039
IMG20250227204628_BURST008.jpg,210.499584,457.998336,326.99904,965.001216,476.2427044333782
IMG20250227204628_BURST011.jpg,215.998464,477.999104,331.49952,982.99904,509.5063847336228
IMG20250227204628_BURST012.jpg,220.498944,486.498304,337.00147200000004,994.500608,482.534931424687
IMG20250227204628_BURST013.jpg,222.999552,495.501312,334.500864,1004.998656,481.9072932550066
IMG20250227204628_BURST014.jpg,222.49881600000003,504.500224,339.499008,1009.50016,485.49807837139593
IMG20250227204628_BURST015.jpg,225.50016,512.999424,341.49888,1016.000512,472.8862719767174
IMG20250227204628_BURST016.jpg,230.501376,525.500416,341.001216,1024.999424,470.93695476711616
IMG20250227204628_BURST017.jpg,233.49964799999998,533.999616,347.498496,1033.498624,454.2542453708077
IMG20250227204628_BURST018.jpg,234.000384,539.500544,346.500096,1042.00192,452.3714114941315
IMG20250227204628_BURST019.jpg,235.49952000000002,546.500608,351.501312,1046.499328,449.9430326109731
IMG20250227204628_BURST020.jpg,240.500736,558.501888,353.000448,1058.500608,451.7711287577221
IMG20250227204628_BURST022.jpg,245.49887999999999,575.500288,358.499328,1072.500736,447.03226432393285
IMG20250227204628_BURST023.jpg,251.000832,585.998336,360.001536,1082.499072,464.9324124030966
IMG20250227204628_BURST025.jpg,254.49984,600.498176,366.49881600000003,1097.498624,462.2350531986725
IMG20250227204628_BURST026.jpg,261.50092800000004,612.999168,370.999296,1103.998976,438.830192401157
IMG20250227204628_BURST027.jpg,258.499584,622.501888,372.999168,1114.50112,454.9593455259816
IMG20250227204628_BURST029.jpg,266.99980800000003,640.0,380.998656,1131.49952,452.9823869424753
IMG20250227204628_BURST030.jpg,266.00140799999997,649.998336,385.49913599999996,1144.000512,452.83354741461966
IMG20250227204628_BURST031.jpg,273.50016,661.499904,386.50060800000006,1146.998784,439.53778005630795
IMG20250227204628_BURST032.jpg,278.00064000000003,673.501184,391.999488,1154.998272,455.38138797928417
IMG20250227204628_BURST033.jpg,280.50124800000003,677.49888,393.00095999999996,1165.500416,435.9350744208041
IMG20250227204628_BURST034.jpg,288.50073599999996,688.001024,395.999232,1177.501696,452.10724043930895
IMG20250227204628_BURST035.jpg,282.998784,690.499584,399.000576,1183.997952,439.9780005456886
IMG20250227204628_BURST036.jpg,291.001344,705.998848,397.00070400000004,1185.001472,432.56813293445754
IMG20250227204628_BURST037.jpg,292.50048,709.500928,404.499456,1199.0016,437.71245835617043
IMG20250227204628_BURST038.jpg,293.49888,721.498112,404.499456,1200.001024,439.6870904455543
IMG20250227204628_BURST040.jpg,299.000832,740.999168,412.49894400000005,1218.998272,447.05577187115045
IMG20250227204628_BURST042.jpg,309.99859200000003,754.999296,417.50016,1237.000192,438.2767592306829
IMG20250227204628_BURST043.jpg,306.499584,763.998208,418.99929599999996,1245.999104,430.40480080894616
IMG20250227204628_BURST044.jpg,303.998976,775.999488,423.499776,1251.500032,442.8129652185645
IMG20250227204628_BURST046.jpg,317.500416,791.498752,428.500992,1264.500736,449.8999741485663
IMG20250227204628_BURST048.jpg,321.50016,803.999744,434.50060800000006,1282.998272,443.3574676961994
IMG20250227204628_BURST049.jpg,324.501504,815.501312,442.500096,1288.998912,433.3882906704297
IMG20250227215035_BURST000_COVER.jpg,532.5004799999999,1386.000384,649.500672,1815.498752,445.76225552505826
IMG20250227215035_BURST001.jpg,537.99936,1399.001088,650.001408,1820.499968,447.26931074816173
IMG20250227215035_BURST002.jpg,540.499968,1400.999936,652.498944,1829.998592,428.17659426425627
IMG20250227215035_BURST003.jpg,545.501184,1414.00064,654.999552,1836.498944,440.9174144200418
IMG20250227215035_BURST004.jpg,543.501312,1414.00064,654.498816,1839.501312,432.04405979049875
IMG20250227215035_BURST007.jpg,558.498816,1439.997952,664.0005120000001,1865.498624,439.609387983916
IMG20250227215035_BURST008.jpg,560.001024,1451.49952,662.5013759999999,1870.49984,438.37768700734495
IMG20250227215035_BURST010.jpg,570.5011199999999,1464.000512,672.500736,1891.500032,422.6387282081321
IMG20250227215035_BURST011.jpg,566.5013759999999,1466.499072,679.001088,1891.00032,425.4706001613553
IMG20250227215035_BURST012.jpg,570.998784,1476.501504,678.500352,1893.49888,443.46875588813737
IMG20250227215035_BURST013.jpg,573.499392,1483.001856,681.00096,1906.499584,436.91831437927203
IMG20250227215035_BURST014.jpg,576.0,1488.498688,691.00032,1913.499648,437.8916100050761
IMG20250227215035_BURST015.jpg,574.5008640000001,1502.998528,690.499584,1925.500928,440.47160397273194
IMG20250227215035_BURST016.jpg,577.9998720000001,1507.00032,684.499968,1924.501504,426.8748543551699
IMG20250227215035_BURST018.jpg,583.9994879999999,1516.498944,696.4992,1942.499328,453.51919433087807
IMG20250227215035_BURST019.jpg,587.999232,1529.499648,700.0012800000001,1947.000832,430.1389396261184
IMG20250227215035_BURST020.jpg,1718.00064,2148.999168,704.498688,1954.500608,448.48012149577505
